{"0":{"nombre":"Nicolas","apellido":"Manzanel","username":"naico19","email":"nicomanzanel@hotmail.com","password":"$2y$10$b9L0erZYh88qZ\/ET67g6xuf5GxU2Vpz2HJbTkXQTZCAOfTtqc0Pji","city":"piamonte","country":"Argentina","cp":"2529","id":0,"promociones":null},"nombre":"Nicolas","apellido":"Manzanel","password":"$2y$10$9UHKPfF1zpzpo\/937.nkWuzDPp8MXGhH0\/\/bwmG3NyUILN6qnHlIK","1":{"nombre":"Antonela","apellido":"DI BELLA","username":"antonela","email":"antoneladibella@gmail.com","password":"$2y$10$PkDztAgNGC5IrM6LoAfFHeO2qcI8Nz1uQPenum5r47O1x8TKGb8tu","city":"rosario","country":"Argentina","cp":"2000","id":1,"promociones":null},"2":{"nombre":"kevin","apellido":"argilla","username":"kevin123","email":"kevin123@hotmail.com","password":"$2y$10$TUnMg9yjSwP4Y430YMpn1OOF3HdTQkKlCand1lnL9A2TLrP\/5MJpe","city":"rosario","country":"Argentina","cp":"2000","id":2,"promociones":null}}